Target,FeatureSet,Model,n_feat,R2_5fold,RMSE_5fold,LOO_R2,LOO_RMSE,LOBO_R2,LOBO_RMSE,BIC,HPO
YS,S1,BayesianRidge,2,0.4090848059827284,60.59363016675129,0.447298766,60.30208888587526,0.3874181655037376,63.48471823015527,,optuna-nested-50
YS,S1,CatBoost,2,0.3159651970696125,66.92497987002041,0.2895843501776542,68.36650824960103,0.2589726939134572,69.82392291316835,,optuna-nested-50
YS,S1,DecisionTree,2,0.3312914975388161,64.71353302736928,0.274876298,69.0705938225523,0.3989286092058257,62.88544927130846,,optuna-nested-50
YS,S1,Dummy,2,-0.051321092912747,81.78746833685419,-0.0218572778827974,81.99403529558782,-0.1218096930677463,85.91059629591047,,none
YS,S1,ElasticNet,2,0.2036800830408334,70.66494388988163,0.4455939434760833,60.395019012910346,0.2632645593467383,69.62142696436457,776.4,optuna-nested-50
YS,S1,ExtraTrees,2,0.3296386574989936,66.17999726259724,0.3507421158345181,65.35754872942341,0.311148701071232,67.32089485512674,,optuna-nested-50
YS,S1,GPR,2,0.3233297749469125,66.7559154267551,0.311376753,67.30975026695613,0.1537759155511696,74.61563342629576,,optuna-nested-50
YS,S1,GradientBoosting,2,0.3702670026020597,64.18907510343028,0.2792734311223258,68.86085415365119,0.3006140346767588,67.8337139713724,,optuna-nested-50
YS,S1,KernelRidge,2,0.3823125747956921,62.22864671423347,0.4110017218176821,62.25068746537517,0.3695630816327278,64.40327583630126,,optuna-nested-50
YS,S1,Lasso,2,0.0301118406713592,79.8946662413717,0.1096268610460594,76.53730467490391,-0.0683110782570275,83.83705329337657,820.4,optuna-nested-50
YS,S1,LightGBM,2,0.3135519098108795,67.762888514569,0.2712728006979173,69.2420040632063,0.2659631326037862,69.49380253471082,,optuna-nested-50
YS,S1,LinearRegression,2,0.4120095177618917,60.26007119812652,0.451175271,60.090245081876645,0.3936069139107873,63.16321970637374,775.4,none
YS,S1,MLP,2,0.308470588179063,68.09527546937566,0.2257482307269591,71.37206174779209,-1.0271888142536811,115.48730316202396,,none
YS,S1,NNR,2,-0.8666026017861764,111.63362558909554,-1.608628092,131.0066142223361,0.3215252048803581,66.81192710267284,,optuna-nested-50
YS,S1,RandomForest,2,0.3275343029943821,65.16870386794,0.273605323,69.13109974533893,0.31928090631665,66.92233806990038,,optuna-nested-50
YS,S1,Ridge,2,0.3843410883355665,61.94059388863801,0.4505247569950066,60.125846558501465,0.3832254585321807,63.70160266471316,775.5,optuna-nested-50
YS,S1,SVR,2,0.1842235862680226,70.67491570054388,0.217344133,71.75836949791989,0.1918852759934637,72.91613648825307,,optuna-nested-50
YS,S1,Stacking,2,0.3055009616048849,66.75275981181778,0.2900714773377219,68.34306500625812,0.2433580121944668,70.55574113026827,,none
YS,S1,XGBoost,2,0.21882676092673,71.38765640322114,0.219511244,71.65895404623207,0.2232003044838659,71.48940173481405,,optuna-nested-50
YS,S2,BayesianRidge,8,0.6851098948941807,45.7127583618753,0.6656598746226243,46.90092302032778,0.6130725526746466,50.454732550380136,,optuna-nested-50
YS,S2,CatBoost,8,0.6297637827226421,49.453556467742004,0.5931168894311379,51.73946942219614,0.5022038509437687,57.22857151659646,,optuna-nested-50
YS,S2,DecisionTree,8,0.4589859741885191,59.790996476124,0.4823294108775181,58.35981213299198,0.4963304856424648,57.565193899629236,,optuna-nested-50
YS,S2,Dummy,8,-0.051321092912747,81.78746833685419,-0.0218572778827974,81.99403529558782,-0.1218096930677463,85.91059629591047,,none
YS,S2,ElasticNet,8,0.6573141964638392,48.89541059349055,0.368808802571486,64.44179160175563,0.5046750140659313,57.08634755235503,815.6,optuna-nested-50
YS,S2,ExtraTrees,8,0.638023386256838,48.6026065234479,0.5989760715173629,51.365590230065365,0.5308188678314258,55.559382311803915,,optuna-nested-50
YS,S2,GPR,8,0.6120466766446937,50.37259894092557,0.6166457273735746,50.221224012724235,0.4769900578473279,58.66000715912744,,optuna-nested-50
YS,S2,GradientBoosting,8,0.5746591055689596,52.277021352386406,0.5682954067118466,53.2942646319788,0.4696969048076994,59.06758572909201,,optuna-nested-50
YS,S2,KernelRidge,8,0.6947898022024683,45.13950425387234,0.6603812864237034,47.2697108389311,0.5941516344971914,51.67363817942422,,optuna-nested-50
YS,S2,Lasso,8,0.0197188280621713,79.5997588281831,0.0123101559505617,80.61157998345159,-0.1218096930677463,85.91059629591047,857.3,optuna-nested-50
YS,S2,LightGBM,8,0.5139021944544071,54.39603455287099,0.564598587689209,53.52196578061271,0.5546802097867867,54.12814417397889,,optuna-nested-50
YS,S2,LinearRegression,8,0.6881680278387631,45.35421933465665,0.6716152413728138,46.48133952325618,0.581562612198423,52.46895086766242,754.9,none
YS,S2,MLP,8,0.4758072057992288,61.653044987810034,0.5309419804215767,55.552092474511454,0.4547629056897035,59.8935198504947,,none
YS,S2,NNR,8,0.6605779051733408,47.815476739732965,0.6500250123395022,47.98501586899191,0.5680842248367721,53.30729832080156,,optuna-nested-50
YS,S2,PCA_OLS,8,0.6315633578459333,49.69681949352523,0.6039165321537654,51.0482075297499,0.560997791261386,53.74282506336944,763.2,none
YS,S2,RandomForest,8,0.5882435223124662,51.77629956697455,0.5630174838178829,53.61905676263305,0.4984249737249551,57.44537801208608,,optuna-nested-50
YS,S2,Ridge,8,0.6949665719973155,44.943837010357136,0.6623206708303189,47.13455133918364,0.613699962211572,50.41380934421143,757.5,optuna-nested-50
YS,S2,SVR,8,0.3253294150258548,65.82039054087497,0.5671212571686125,53.36669025712575,0.2932410819740931,68.1903293325846,,optuna-nested-50
YS,S2,Stacking,8,0.6113242353253993,49.69861825717142,0.6036831615607745,51.063244002049856,0.5775090412111016,52.72248222976811,,none
YS,S2,XGBoost,8,0.5641579425804226,53.16274243377674,0.5609227934511362,53.74741550065454,0.5272296741987252,55.77148958313024,,optuna-nested-50
YS,S3,BayesianRidge,11,0.6520680927698432,48.89210064872791,0.620003229,50.00081606334041,0.5629623432368817,53.622439612712775,,optuna-nested-50
YS,S3,CatBoost,11,0.6078762911614037,51.435777318687734,0.5644876783436439,53.52878214369187,0.5459627474325739,54.65537555623301,,optuna-nested-50
YS,S3,DecisionTree,11,0.4296860245083792,59.35957700977514,0.458888895,59.66647245312898,0.4562220488821117,59.813323757216374,,optuna-nested-50
YS,S3,Dummy,11,-0.051321092912747,81.78746833685419,-0.0218572778827974,81.99403529558782,-0.1218096930677463,85.91059629591047,,none
YS,S3,ElasticNet,11,0.377058762356275,67.28490006292043,0.0867003078784433,77.51643566886375,0.2684575280772834,69.37562554000316,863.6,optuna-nested-50
YS,S3,ExtraTrees,11,0.6174999344474768,51.04250657462412,0.5758617730033244,52.825163219404715,0.5552303549204014,54.09469906504974,,optuna-nested-50
YS,S3,GPR,11,0.5779406106027771,54.10038963483195,0.533708354,55.38803484508184,0.5333786481811963,55.40761328414943,,optuna-nested-50
YS,S3,GradientBoosting,11,0.5619377619237593,53.9554210236849,0.5216100267788777,56.101978003751135,0.4858874896021785,58.15890556492619,,optuna-nested-50
YS,S3,KernelRidge,11,0.6455659983469844,49.30646915122395,0.6078761433166529,50.79240442089878,0.5636221960410941,53.58194392287515,,optuna-nested-50
YS,S3,Lasso,11,0.0594484855055004,78.34963451115823,-0.0218572778827974,81.99403529558782,-0.1218096930677463,85.91059629591047,874.0,optuna-nested-50
YS,S3,LightGBM,11,0.5115354775171677,55.55315358157818,0.565760586138939,53.45049840621535,0.5252036637722992,55.890863427240085,,optuna-nested-50
YS,S3,LinearRegression,11,0.6493410854615503,48.87711775811009,0.621589942,49.89631527477756,0.4917469486689944,57.8265305702056,781.6,none
YS,S3,MLP,11,0.4833382459345755,58.20459308365597,0.5088262718543268,56.84662740031783,0.4762639259841452,58.70071396289306,,none
YS,S3,NNR,11,0.6260371501028565,50.926179258481056,0.563248824,53.6048618317406,0.5297145812865368,55.62472745832303,,optuna-nested-50
YS,S3,PCA_OLS,11,0.4382797382665283,59.583719670743875,0.480049842546996,58.4881650357825,0.361926684727568,64.79215584180966,788.5,none
YS,S3,RandomForest,11,0.5623635040037293,53.688384408966314,0.547288962,54.57549468396966,0.5108791742421379,56.72770535102077,,optuna-nested-50
YS,S3,Ridge,11,0.6529458777511136,48.71892310845519,0.6006574857239874,51.257794227056564,0.5619780326891023,53.68279075941857,786.6,optuna-nested-50
YS,S3,SVR,11,0.3642368363774236,67.67906244461652,0.460344491,59.58616660769511,0.2676470652758652,69.4140449083638,,optuna-nested-50
YS,S3,Stacking,11,0.6163737181590754,49.96477089342827,0.5924668741172423,51.78078107330578,0.5873728680179466,52.10339590968791,,none
YS,S3,XGBoost,11,0.5711177687247676,52.94228513888228,0.532045264,55.48672123130002,0.4567890022617552,59.782134362947865,,optuna-nested-50
YS,S4,BayesianRidge,24,0.6646688764582107,48.22959228092966,0.6121884174747032,50.51234458007762,0.5746555831868962,52.900223581204585,,optuna-nested-50
YS,S4,CatBoost,24,0.5805422496410491,52.574173367284374,0.587975423753258,52.065338947954835,0.4752157426509001,58.75942517107762,,optuna-nested-50
YS,S4,DecisionTree,24,0.4810784591669749,56.91418739640067,0.4368372623141412,60.87011118874726,0.4198432360579297,61.78169502395559,,optuna-nested-50
YS,S4,Dummy,24,-0.051321092912747,81.78746833685419,-0.0218572778827974,81.99403529558782,-0.1218096930677463,85.91059629591047,,none
YS,S4,ElasticNet,24,0.1896049560423714,74.75823519875554,0.0230098276509881,80.17375726813569,0.1318772893453083,75.57492036327768,928.8,optuna-nested-50
YS,S4,ExtraTrees,24,0.5995942535974876,52.00049520474066,0.5432081511515585,54.820919061094536,0.5271078360742104,55.77867558401181,,optuna-nested-50
YS,S4,GPR,24,0.5824043901557688,53.116334559558986,0.545039228,54.71093230097681,0.5086522494830469,56.85669686072923,,optuna-nested-50
YS,S4,GradientBoosting,24,0.5642982317208267,53.83428318651122,0.5039041443433613,57.130751761584264,0.4133373078103599,62.12714189824202,,optuna-nested-50
YS,S4,KernelRidge,24,0.6496786801968064,49.15545631170357,0.6014122643792964,51.209331334119014,0.5804046354870087,52.54150156217648,,optuna-nested-50
YS,S4,Lasso,24,-0.051321092912747,81.78746833685419,-0.0218572778827974,81.99403529558782,-0.1026425304403682,85.17350300432155,933.0,optuna-nested-50
YS,S4,LightGBM,24,0.5522494963515738,53.34871321196033,0.5602053354941459,53.79130956819751,0.5066938143340047,56.96989511795582,,optuna-nested-50
YS,S4,LinearRegression,24,0.5613350227252929,53.47048060674397,0.531408183,55.52447867799277,0.3469656877255261,65.54735021198594,860.4,none
YS,S4,MLP,24,0.3042207998217281,62.61921739726394,0.4327815351949051,61.08890201261976,0.4749008260019582,58.777052935046946,,none
YS,S4,NNR,24,0.686782414864076,46.73024413977786,0.5184534091905195,56.28676586264519,0.4270855168898338,61.394863754425415,,optuna-nested-50
YS,S4,PCA_OLS,24,0.588184176082993,53.38069868402162,0.5401474970584595,55.00427144584286,0.5795639862279119,52.594108046133314,777.1,none
YS,S4,RandomForest,24,0.5541305197200854,53.99364659571699,0.5538735013203047,54.17714926613029,0.5337283413419709,55.38684773751285,,optuna-nested-50
YS,S4,Ridge,24,0.6464702277328197,49.296454847850335,0.5990305245770797,51.36210277170174,0.5706983503936135,53.145735033712086,846.0,optuna-nested-50
YS,S4,SVR,24,0.6096203278705967,52.87036268537329,0.5088980304861042,56.842474709558125,0.0707024885669216,78.19239694508792,,optuna-nested-50
YS,S4,Stacking,24,0.5857568742211858,51.95505315254769,0.577975615612714,52.69336236903101,0.5588271667545011,53.87552559073829,,none
YS,S4,XGBoost,24,0.5957602888248956,51.352714063663065,0.492551162138781,57.780762733185185,0.4840253485077646,58.26413758709462,,optuna-nested-50
HV,S1,BayesianRidge,2,-0.1106617637958962,31.22786186205717,0.245309152,29.00958205490041,-0.1275382607013642,35.45868079870767,,optuna-nested-50
HV,S1,CatBoost,2,0.1875207222146535,28.135693804284944,0.3612695494727898,26.687982290331792,-0.0520185762211342,34.25063554371979,,optuna-nested-50
HV,S1,DecisionTree,2,-0.1590474702602886,33.17751632855259,0.002057106,33.358750501180346,-0.2666826532909021,37.58294789049082,,optuna-nested-50
HV,S1,Dummy,2,-0.2065014793714818,34.3005341026767,-0.0216209966470111,33.752180532152686,-0.1974348734666409,36.541206396416506,,none
HV,S1,ElasticNet,2,0.004805399071725,30.528699192862344,0.1582627009434722,30.63692802543397,0.0675468461911604,32.245598442065436,657.0,optuna-nested-50
HV,S1,ExtraTrees,2,0.1838940548222045,27.978292187322634,0.3446804956427768,27.032329802661323,0.0427436881026592,32.671648616493115,,optuna-nested-50
HV,S1,GPR,2,0.0589722754442412,30.339568092041997,0.2392044,29.12667609769436,-0.145566708312641,35.74103479176566,,optuna-nested-50
HV,S1,GradientBoosting,2,0.2024637251310686,27.884086023525143,0.308164569733124,27.77527259514967,0.0520244872458315,32.51288364832194,,optuna-nested-50
HV,S1,KernelRidge,2,0.2284193225342173,26.154146819417264,0.4658888256113879,24.404660044617664,0.1904719921153754,30.045045757182685,,optuna-nested-50
HV,S1,Lasso,2,-0.2065014793714818,34.3005341026767,-0.0216209966470111,33.752180532152686,-0.1974348734666409,36.541206396416506,675.2,optuna-nested-50
HV,S1,LightGBM,2,0.0614916506038959,29.951478002770056,0.2173621674293095,29.54182690645253,-0.0049274972282524,33.47528592194897,,optuna-nested-50
HV,S1,LinearRegression,2,-0.1485669094277672,31.576441573180734,0.231737299,29.269264193006286,-0.1760114696829262,36.21285027288263,648.4,none
HV,S1,MLP,2,0.0699714709769147,29.355910103955885,0.0446694821185678,32.63876790247015,-0.0065581394885159,33.50243419406869,,none
HV,S1,NNR,2,-0.3148125805576433,32.92489969807952,0.232612549,29.2525868001447,-0.1699097441494468,36.11878306426124,,optuna-nested-50
HV,S1,RandomForest,2,0.1556709033930614,28.585838334168397,0.308576988,27.766992642344256,0.006175054952298,33.28985296370027,,optuna-nested-50
HV,S1,Ridge,2,-0.0852663460315844,31.138536510797593,0.242222288777489,29.068849526610624,-0.0062358434340279,33.49707008919636,647.1,optuna-nested-50
HV,S1,SVR,2,-2.828207911185177,54.16896498865913,-0.554323908,41.632040161394926,-8.892633704138172,105.02988612517524,,optuna-nested-50
HV,S1,Stacking,2,-0.023525958022525,31.831201894846355,0.2128507894392316,29.62684888889781,-0.071109524090636,34.56001089858391,,none
HV,S1,XGBoost,2,-0.2057556188013541,34.17789075156061,0.011169493,33.206099003044606,-0.2016376781038407,36.60527711736472,,optuna-nested-50
HV,S2,BayesianRidge,8,-0.1921035349254572,32.66151485853929,0.198836402,29.88942322293958,-0.5465890155452804,41.52832273077235,,optuna-nested-50
HV,S2,CatBoost,8,-0.0520309501234514,31.20281566517191,0.3897895351988,26.085355266336816,-0.9456168887145422,46.57851023833919,,optuna-nested-50
HV,S2,DecisionTree,8,-0.1461727861446718,33.03825959319873,0.200601772,29.85647426941098,-0.6754128614524186,43.22329319007551,,optuna-nested-50
HV,S2,Dummy,8,-0.2065014793714818,34.3005341026767,-0.0216209966470111,33.752180532152686,-0.1974348734666409,36.541206396416506,,none
HV,S2,ElasticNet,8,-0.1115494910709876,33.22143728616511,0.0262455301946169,32.95199115527554,-0.4693588659793106,40.47816992135071,698.0,optuna-nested-50
HV,S2,ExtraTrees,8,-0.32738247815257,34.17282055264431,0.3360308287320555,27.210146988306555,-0.7913816290356426,44.69418150323498,,optuna-nested-50
HV,S2,GPR,8,-0.0337401685226934,31.167549501760398,0.337430816,27.181445377315754,-0.6603465033941374,43.02850888183729,,optuna-nested-50
HV,S2,GradientBoosting,8,-0.1959465052147364,32.29731314628734,0.2795856625383817,28.34314926802382,-0.9360346879484772,46.46366863312124,,optuna-nested-50
HV,S2,KernelRidge,8,0.0249066675549601,29.22475139346859,0.4492437384036858,24.782017079932,-0.559333405470867,41.69907504370641,,optuna-nested-50
HV,S2,Lasso,8,-0.2065014793714818,34.3005341026767,-0.0216209966470111,33.752180532152686,-0.2112099081890246,36.750786490988794,702.5,optuna-nested-50
HV,S2,LightGBM,8,-0.0147151553091635,30.851694348910147,0.5204889934939183,23.1236411150525,-0.9107109957898814,46.158791695780934,,optuna-nested-50
HV,S2,LinearRegression,8,-0.3838309449535011,34.25518691390601,0.139271094,30.98062140112751,-0.8582456868590209,45.5206544197361,686.4,none
HV,S2,MLP,8,-0.2877919906304644,34.16566501062921,0.0746268539788878,32.12294664861604,-0.7941482035288581,44.72868059510793,,none
HV,S2,NNR,8,0.1110767253800592,29.243954646490145,0.422231316,25.382472805067675,-0.8721819325743458,45.691030717182485,,optuna-nested-50
HV,S2,PCA_OLS,8,-0.0864892728146968,31.650993662302497,0.1079677957114415,31.538947563850037,-0.4928928883593018,40.80104203620429,680.6,none
HV,S2,RandomForest,8,-0.1471140134087192,32.46788778202966,0.276169043,28.41027953399966,-0.8401106795526876,45.29798704215545,,optuna-nested-50
HV,S2,Ridge,8,-0.1867960022830168,32.45209943771904,0.1470538137812819,30.840239788258938,-0.4929792751225585,40.802222502331134,685.5,optuna-nested-50
HV,S2,SVR,8,-0.2029337840540135,32.05453201413656,-0.07214785,34.57675795964683,-0.8531128825334515,45.457742884003714,,optuna-nested-50
HV,S2,Stacking,8,-0.3469577538002475,36.21171686730801,-0.1474509632413174,35.77041655996672,-0.6392408232703961,42.754153368588376,,none
HV,S2,XGBoost,8,-0.064648546555267,31.340100763812302,0.404626951,25.766267779793022,-0.9117337975504418,46.17114442132819,,optuna-nested-50
HV,S3,BayesianRidge,11,-0.0755426412602808,31.3606318202598,0.253877757,28.844427522486903,-0.7546903559320663,44.234097904139645,,optuna-nested-50
HV,S3,CatBoost,11,0.1571797563223465,28.457252933396173,0.3874083551041379,26.13620120767357,-1.1147094400174873,48.56040299871986,,optuna-nested-50
HV,S3,DecisionTree,11,-0.1374430053036111,32.55097341612667,-0.006576652,33.5027422907439,-0.7714635345259553,44.445013114736966,,optuna-nested-50
HV,S3,Dummy,11,-0.2065014793714818,34.3005341026767,-0.0216209966470111,33.752180532152686,-0.1974348734666409,36.541206396416506,,none
HV,S3,ElasticNet,11,-0.1092252554325451,32.62864884324829,0.0396585687203091,32.7242546178996,-0.2045949473232908,36.650292824004296,710.3,optuna-nested-50
HV,S3,ExtraTrees,11,-0.0793022480554679,31.423136162967502,0.3670838978938605,26.566234549462575,-1.0342627120521577,47.62779213658921,,optuna-nested-50
HV,S3,GPR,11,0.0794208787024165,30.152282286672897,0.285968652,28.21730742115555,-0.6382457558453924,42.74117488400255,,optuna-nested-50
HV,S3,GradientBoosting,11,-0.2861767698775303,33.3369139543998,0.3671202784398569,26.565471013818684,-1.54952622210357,53.31957410775892,,optuna-nested-50
HV,S3,KernelRidge,11,0.3348047146916373,24.68904408549777,0.5064638478769856,23.45937381742556,-0.858663573838311,45.52577253182676,,optuna-nested-50
HV,S3,Lasso,11,-0.2065014793714818,34.3005341026767,-0.0216209966470111,33.752180532152686,-0.285301064909087,37.85814793505833,716.1,optuna-nested-50
HV,S3,LightGBM,11,0.0616379729483945,29.733007042425722,0.4574296535396392,24.59715950352685,-0.7964739902444136,44.75766250389729,,optuna-nested-50
HV,S3,LinearRegression,11,-0.1716929703835413,32.288645435138946,0.229061651,29.3201882974854,-1.051351203216019,47.82741851977025,689.6,none
HV,S3,MLP,11,-0.3353651875097642,36.06798102426476,-0.1165658396929767,35.2857293542051,-2.275473612015805,60.435759289391946,,none
HV,S3,NNR,11,0.3641580032094064,24.059973032177695,0.363145235,26.64876773323675,-0.8288191214217304,45.15879108548887,,optuna-nested-50
HV,S3,PCA_OLS,11,-0.4957537458080984,36.84692700122656,-0.0699078668266008,34.54061935109337,-0.8802918762327907,45.78988629712155,697.7,none
HV,S3,RandomForest,11,-0.1505170687313764,32.42455602236691,0.269046968,28.549707699029074,-0.9485853683547903,46.61402973366263,,optuna-nested-50
HV,S3,Ridge,11,-0.0706168309409387,31.134380191288148,0.2580532418516145,28.763604002452237,-0.7553372065942197,44.24225040208349,686.0,optuna-nested-50
HV,S3,SVR,11,-2.204814791450839,49.22914049468193,-0.087844903,34.82895312810881,-0.9730236829653334,46.90542543714193,,optuna-nested-50
HV,S3,Stacking,11,-0.3099378244852979,36.05640659360237,-0.1646456752812704,36.03743229260073,-0.6858882877612513,43.35820825720446,,none
HV,S3,XGBoost,11,-0.180216413894817,32.673340685680905,0.36687284,26.57066369325388,-1.002389715197551,47.253200964099385,,optuna-nested-50
HV,S4,BayesianRidge,24,-0.2219563583849738,33.95190385931345,0.224990042,29.397511687215978,-0.8320085393769545,45.1981518718514,,optuna-nested-50
HV,S4,CatBoost,24,-0.0240528731651455,30.510665054502393,0.409827417179527,25.65348933134289,-1.220234880177784,49.75725243457921,,optuna-nested-50
HV,S4,DecisionTree,24,-0.2390028855237712,34.54372257248437,0.033914045,32.821982862100214,-1.203685643085639,49.57146471163242,,optuna-nested-50
HV,S4,Dummy,24,-0.2065014793714818,34.3005341026767,-0.0216209966470111,33.752180532152686,-0.1974348734666409,36.541206396416506,,none
HV,S4,ElasticNet,24,-0.2484758310696429,34.71466674832774,0.1001565480056776,31.67673494299806,-0.3449384871835372,38.726490436124415,763.2,optuna-nested-50
HV,S4,ExtraTrees,24,-0.1331202484251419,32.29139838869491,0.2982218698070621,27.974146520745826,-1.082743614052312,48.191987333929696,,optuna-nested-50
HV,S4,GPR,24,-0.0317153716973874,31.896994240582174,0.198648728,29.89292383491451,-0.9236257669977834,46.31452594674207,,optuna-nested-50
HV,S4,GradientBoosting,24,-0.2786296656188131,33.42011333886428,0.4205712491206113,25.41891159436402,-1.136384299270957,48.80863015328923,,optuna-nested-50
HV,S4,KernelRidge,24,0.2143850421249244,27.29516226039661,0.3992006150965318,25.883420622019024,-1.0091743664422808,47.33318673759089,,optuna-nested-50
HV,S4,Lasso,24,-0.1937153087192378,33.92410705807372,0.1083583017200368,31.532043386692454,-0.5514509019496439,41.59354612099076,762.4,optuna-nested-50
HV,S4,LightGBM,24,0.0371017868068408,29.511172550195216,0.4319722967912994,25.167593390614712,-1.0083013336322169,47.32290193710543,,optuna-nested-50
HV,S4,LinearRegression,24,-0.364253812561734,35.41627789738568,0.176450818,30.30412163056372,-1.2406242395255571,49.98520127786298,754.9,none
HV,S4,MLP,24,-0.4669370270376623,38.083218450136975,-0.0072886088812287,33.514588516519154,-0.7871675253257913,44.641580535565105,,none
HV,S4,NNR,24,-0.1329582104503263,32.95110119532701,0.193611835,29.986722650199706,-1.3927513232551405,51.65420868936301,,optuna-nested-50
HV,S4,PCA_OLS,24,-0.3165979737245438,35.31137939110213,-0.032005201275602,33.92328283714297,-0.8937522368079842,45.953491017836576,694.3,none
HV,S4,RandomForest,24,-0.2014161931272684,33.002865818070774,0.280148799,28.332069414358,-1.039252086157504,47.68616398331864,,optuna-nested-50
HV,S4,Ridge,24,-0.1335097435938088,32.15461361416198,0.2313640983260818,29.276372422483522,-0.9217083632659342,46.29143783195638,748.4,optuna-nested-50
HV,S4,SVR,24,-0.0995570432211305,31.87950376274872,-0.163221002,36.015383838021215,-1.5428662987583124,53.24988734021634,,optuna-nested-50
HV,S4,Stacking,24,-0.3990516389226231,37.091645366893744,-0.2335131481974237,37.08760781178422,-0.8742454265989483,45.71620380589689,,none
HV,S4,XGBoost,24,-0.1397143117596495,31.75792773641694,0.283691683,28.262262589891844,-1.2565983315218414,50.16306468516307,,optuna-nested-50
